{
	"question" : [
		{
			"number" : 1,
			"question": "In which year did Maradona score a goal with his hand?:",
    			  "answers": [
        					"1986",
        					"1985",
      					 "1987",
					"1984"
     				     ],
      			"correct_answer": 1
		},	
		{
			"number" : 2,
			"question": "In which country were the first Olympic Games held?",
    			  "answers": [
        					"Japan",
        					"Greece",
      					 "USA",
					"India"
     				     ],
      			"correct_answer": 2
		},	
		{
			"number" : 3,
			"question": "How many players are on each side of the net in beach volleyball?",
    			  "answers": [
        					"3",
        					"1",
      					 "2",
     				     	"4"
				],
      			"correct_answer": 3
		},
		{
			"number" : 4,
			"question": "In which sport can you win the Davis Cup?",
    			  "answers": [
        					"Tennis",
        					"Volleyball",
      					 "Chess",
					"PubG"
     				     ],
      			"correct_answer": 1
		},
		{
			"number" : 5,
			"question": "2010 Commonwealth Games held in ? ",
    			  "answers": [
        					"Canada",
        					"India",
      					 "Britian",
					"Malaysia"
     				     ],
      			"correct_answer": 2
		},
{
			"number" : 6,
			"question": "The term“Googly” is associated with ? ",
    			  "answers": [
        					"Cricket",
        					"Football",
      					 "Badminton",
					"Hockey"
     				     ],
      			"correct_answer": 1
		}
	]
}
